{
  "collectionName": "components_experience_experiences",
  "info": {
    "displayName": "Experience",
    "icon": "earth"
  },
  "options": {},
  "attributes": {
    "title": {
      "type": "string"
    },
    "companyName": {
      "type": "string"
    },
    "city": {
      "type": "string"
    },
    "state": {
      "type": "string"
    },
    "startDate": {
      "type": "string"
    },
    "endDate": {
      "type": "string"
    },
    "currentlyWorking": {
      "type": "string"
    },
    "workSummary": {
      "type": "text"
    }
  }
}
