{
  "kind": "collectionType",
  "collectionName": "resume_builder_collections",
  "info": {
    "singularName": "resume-builder-collection",
    "pluralName": "resume-builder-collections",
    "displayName": "resumeBuilderCollection",
    "description": ""
  },
  "options": {
    "draftAndPublish": true
  },
  "pluginOptions": {},
  "attributes": {
    "user_name": {
      "type": "string"
    },
    "user_email": {
      "type": "email"
    },
    "title": {
      "type": "string"
    },
    "summary": {
      "type": "text"
    },
    "email": {
      "type": "string"
    },
    "resume_id": {
      "type": "string"
    },
    "firstName": {
      "type": "string"
    },
    "lastName": {
      "type": "string"
    },
    "jobTitle": {
      "type": "string"
    },
    "address": {
      "type": "string"
    },
    "phone": {
      "type": "string"
    },
    "experience": {
      "type": "component",
      "repeatable": true,
      "component": "experience.experience"
    },
    "education": {
      "type": "component",
      "repeatable": true,
      "component": "education.education"
    },
    "skills": {
      "type": "component",
      "repeatable": true,
      "component": "skill.skill"
    },
    "projects": {
      "type": "component",
      "repeatable": true,
      "component": "projects.projects"
    },
    "themeColor": {
      "type": "string"
    }
  }
}
